name,MDVP:Fo(Hz),MDVP:Fhi(Hz),MDVP:Flo(Hz),MDVP:Jitter(%),MDVP:Jitter(Abs),MDVP:RAP,MDVP:PPQ,Jitter:DDP,MDVP:Shimmer,MDVP:Shimmer(dB),Shimmer:APQ3,Shimmer:APQ5,MDVP:APQ,Shimmer:DDA,NHR,HNR,status
phon_R01_S01_1,119.992,157.302,74.997,0.00784,0.00007,0.00370,0.00554,0.01109,0.04374,0.426,0.02182,0.03130,0.02971,0.06545,0.02211,21.033,1
phon_R01_S01_2,122.400,148.650,113.819,0.00968,0.00008,0.00465,0.00696,0.01394,0.06134,0.626,0.03134,0.04518,0.04368,0.09403,0.01929,19.085,1
phon_R01_S01_3,116.682,131.111,111.555,0.01050,0.00009,0.00544,0.00782,0.01633,0.05233,0.482,0.02757,0.03858,0.03590,0.08272,0.01309,20.651,1
